{
    "products": [
        {
            "productId": "E1",
            "category": "electronics",
            "subCategory": "Mobile",
            "name": "Lenovo k4 note",
            "price": "12000",
            "discount": 20,
            "imageUrl": "https://rukminim1.flixcart.com/image/832/832/mobile/x/u/n/lenovo-k4-note-na-original-imaeqc6jrnzubqfe.jpeg?q=70",
            "description": "Octacore Processor, 4GB RAM, 32GB ROM, One Year Warranty",
            "battery": "4000 mAh Li Polymer Battery",
            "brand": "Lenovo",
            "rating": 4,
            "buy": true,
            "availableProducts": "6"
        },
        {
            "productId": "E2",
            "category": "electronics",
            "subCategory": "Laptop",
            "name": "HP notebook",
            "price": "39499",
            "discount": 8,
            "imageUrl": "https://rukminim1.flixcart.com/image/832/832/jms25jk0/computer/s/6/z/hp-na-laptop-original-imaf9hu7bgy3a6bg.jpeg?q=70",
            "description": "Intel i5 core, 8GB RAM, 1TB ROM, 15.6 inch display, One Year Warranty",
            "brand": "HP",
            "rating": 4,
            "buy": true,
            "availableProducts": "6"
        },
        {
            "productId": "C1",
            "category": "clothing",
            "subCategory": "women",
            "name": "W women's printed straight kurta",
            "price": 898,
            "discount": 35,
            "size": [
                "S",
                "M",
                "XL"
            ],
            "imageUrl": "https://rukminim1.flixcart.com/image/832/832/jll6xzk0/kurta/6/b/t/s-18fe17563-51308-w-original-imaf8zz8xgdqnqdq.jpeg?q=70",
            "description": "Viscose Fabric Printed Kurta",
            "brand": "W",
            "rating": "5",
            "buy": "true",
            "availableProducts": "6"
        },
        {
            "productId": "C2",
            "category": "clothing",
            "subCategory": "women",
            "name": "W women's printed Flared kurta",
            "price": 1098,
            "discount": 10,
            "size": [
                "S",
                "M",
                "XL"
            ],
            "imageUrl": "https://rukminim1.flixcart.com/image/832/832/jhtg4280/kurta/h/s/h/s-17au17219-12248-w-original-imaf5razzru6dytx.jpeg?q=70",
            "description": "Cotton Fabric Printed Kurta",
            "brand": "W",
            "rating": "5",
            "buy": "true",
            "availableProducts": "6"
        },
        {
            "productId": "C3",
            "category": "clothing",
            "subCategory": "women",
            "name": "Aurelia women's printed straight kurta",
            "price": 517,
            "discount": 2,
            "size": [
                "S",
                "M",
                "XL"
            ],
            "imageUrl": "https://rukminim1.flixcart.com/image/832/832/jmwch3k0/kurta/h/n/a/s-17auk13306-62492-aurelia-original-imaf9pbvtjh5hydm.jpeg?q=70",
            "description": "Viscose Fabric Printed Kurta",
            "brand": "Aurelia",
            "rating": "5",
            "buy": "true",
            "availableProducts": "6"
        },
        {
            "productId": "C4",
            "category": "clothing",
            "subCategory": "men",
            "name": "Peter England Men Solid Formal Shirt",
            "price": 898,
            "discount": 35,
            "size": [
                "S",
                "M",
                "XL"
            ],
            "imageUrl": "https://rukminim1.flixcart.com/image/832/832/jm573ww0/shirt/e/h/y/40-psf318009653-peter-england-original-imaf947naw4fybzu.jpeg?q=70",
            "description": "Cotton Full Sleeves",
            "brand": "Peter England",
            "rating": "5",
            "buy": "true",
            "availableProducts": "6"
        },
        {
            "productId": "C5",
            "category": "clothing",
            "subCategory": "men",
            "name": "Levi's Striped Men Polo Neck T-shirt",
            "price": 1158,
            "discount": 5,
            "size": [
                "S",
                "M",
                "XL"
            ],
            "imageUrl": "https://rukminim1.flixcart.com/image/832/832/jm81zm80/t-shirt/w/8/g/m-52651-0006-levi-s-original-imaf95f5b5vff8dm.jpeg?q=70",
            "description": "Cotton Regular fit polo neck t-shirt",
            "brand": "Levi's",
            "rating": "5",
            "buy": "true",
            "availableProducts": "6"
        },
        {
            "productId": "C6",
            "category": "clothing",
            "subCategory": "men",
            "name": "Levi's Printed Men Round Neck T-shirt",
            "price": 898,
            "discount": 35,
            "size": [
                "S",
                "M",
                "XL"
            ],
            "imageUrl": "https://rukminim1.flixcart.com/image/832/832/jmp79u80/t-shirt/s/r/y/m-16960-0186-levi-s-original-imaf9jdqpddquw6u.jpeg?q=70",
            "description": "Cotton",
            "brand": "Levi's",
            "rating": "5",
            "buy": "true",
            "availableProducts": "6"
        },
        {
            "productId": "F1",
            "category": "footwear",
            "subCategory": "Men",
            "name": "Reebok Ripple Voyager Xtreme Runninng Shoes",
            "price": 1819,
            "discount": 15,
            "size": [
                6,
                7,
                8,
                9,
                10
            ],
            "imageUrl": "https://rukminim1.flixcart.com/image/832/832/j6fcqkw0/shoe/2/x/6/ripple-voyager-xtreme-12-reebok-earth-stone-grey-nacho-original-imaewwbgzbyjtybf.jpeg?q=70",
            "description": "The Mesh and synetheti upper material.",
            "brand": "Reebok",
            "rating": "4",
            "buy": "true",
            "availableProducts": "10"
        },
        {
            "productId": "F2",
            "category": "footwear",
            "subCategory": "Men",
            "name": "Reebok Top Speed Xtreme Runninng Shoes",
            "price": 1679,
            "discount": 10,
            "size": [
                6,
                7,
                8,
                9,
                10
            ],
            "imageUrl": "https://rukminim1.flixcart.com/image/832/832/j7rxpjk0/shoe/c/m/q/top-speed-xtreme-9-reebok-coal-electric-flash-original-imaexyazvwggpewg.jpeg?q=70",
            "description": "The 3D ultralite technology makes the bottom lightweight Upper has a combination of mesh and PU Mesh is provided for breathability and flexibility High quality PU is provided for support and fit.",
            "brand": "Reebok",
            "rating": "4",
            "buy": "true",
            "availableProducts": "10"
        },
        {
            "productId": "F3",
            "category": "footwear",
            "subCategory": "Men",
            "name": "Sparx Walking Shoes Shoes",
            "price": 687,
            "discount": 35,
            "size": [
                6,
                7,
                8,
                9,
                10
            ],
            "imageUrl": "https://rukminim1.flixcart.com/image/832/832/j5bceq80/shoe/m/f/y/276-10-sparx-navy-bluewhite-original-imaenqf9cycnsj8c.jpeg?q=70",
            "description": "Outer material mad up of Fabric available in blue and orage color.",
            "brand": "Sparx",
            "rating": "3",
            "buy": "true",
            "availableProducts": "10"
        },
        {
            "productId": "F4",
            "category": "footwear",
            "subCategory": "Women",
            "name": "Myra Women Rich Brown Flats",
            "price": 599,
            "discount": 10,
            "size": [
                4,
                5,
                6,
                7,
                8,
                9,
                10
            ],
            "imageUrl": "https://rukminim1.flixcart.com/image/832/832/jd4u5jk0/sandal/y/s/t/ms508c-4-myra-rich-brown-original-imaffzkyqxsa84y4.jpeg?q=70",
            "description": "Footwear's reflect your persona and your style, they should match your apparel and style quotient, at the same time keeping you comfortable.",
            "brand": "Myra",
            "rating": "4",
            "buy": "true",
            "availableProducts": "10"
        }
    ]
}
